{"item_type":"1","item_name":"\u9ed1\u9a6c\u4f18\u8d2d","item_description":"","password":"","pages":{"pages":[],"catalogs":[{"cat_id":"1476809","cat_name":"\u9996\u9875","parent_cat_id":"0","level":"2","s_number":"1","pages":[{"page_title":"\u8f6e\u64ad\u56fe","cat_id":"1476809","page_content":"\n**\u7b80\u8981\u63cf\u8ff0\uff1a** \n\n- \u8f6e\u64ad\u56fe\n\n**\u8bf7\u6c42URL\uff1a** \n- `https:\/\/api-ugo-web.itheima.net\/api\/public\/v1\/home\/swiperdata`\n  \n\n**\u8bf7\u6c42\u65b9\u5f0f\uff1a**\n\n- GET\n\n**\u53c2\u6570\uff1a**  \u65e0\n\n **\u8fd4\u56de\u793a\u4f8b**\n\n``` json\n{\n    \"message\": [\n        {\n            \"image_src\": \"https:\/\/api-ugo-web.itheima.net\/pyg\/banner1.png\",\n            \"open_type\": \"navigate\",\n            \"goods_id\": 129,\n            \"navigator_url\": \"\/pages\/goods_detail\/index?goods_id=129\"\n        }\n    ],\n    \"meta\": {\n        \"msg\": \"\u83b7\u53d6\u6210\u529f\",\n        \"status\": 200\n    }\n}\n```\n\n **\u8fd4\u56de\u53c2\u6570\u8bf4\u660e** \n\n| \u53c2\u6570\u540d        | \u7c7b\u578b   | \u8bf4\u660e                                 |\n| :------------ | :----- | ------------------------------------ |\n| image_src     | string | \u56fe\u7247\u8def\u5f84 |\n| open_type     | string | \u6253\u5f00\u65b9\u5f0f                             |\n| goods_id      | number | \u5546\u54c1id                               |\n| navigator_url | string | \u5bfc\u822a\u94fe\u63a5                             |\n\n **\u5907\u6ce8** \n\n- \u66f4\u591a\u8fd4\u56de\u9519\u8bef\u4ee3\u7801\u8bf7\u770b\u9996\u9875\u7684\u9519\u8bef\u4ee3\u7801\u63cf\u8ff0\n\n\n","s_number":"99","page_comments":""},{"page_title":"\u5bfc\u822a","cat_id":"1476809","page_content":"**\u7b80\u8981\u63cf\u8ff0\uff1a** \n\n- \u5bfc\u822a\u83dc\u5355\n\n**\u8bf7\u6c42URL\uff1a** \n- ` https:\/\/api-ugo-web.itheima.net\/api\/public\/v1\/home\/catitems `\n\n**\u8bf7\u6c42\u65b9\u5f0f\uff1a**\n- GET\n\n**\u53c2\u6570\uff1a** \u65e0\n\n **\u8fd4\u56de\u793a\u4f8b**\n\n``` \n{\n    \"message\": [\n        {\n            \"name\": \"\u5206\u7c7b\",\n            \"image_src\": \"https:\/\/api-ugo-web.itheima.net\/pyg\/icon_index_nav_4@2x.png\",\n            \"open_type\": \"switchTab\",\n            \"navigator_url\": \"\/pages\/category\/index\"\n        },\n        {\n            \"name\": \"\u79d2\u6740\u62cd\",\n            \"image_src\": \"https:\/\/api-ugo-web.itheima.net\/pyg\/icon_index_nav_3@2x.png\"\n        },\n        {\n            \"name\": \"\u8d85\u5e02\u8d2d\",\n            \"image_src\": \"https:\/\/api-ugo-web.itheima.net\/pyg\/icon_index_nav_2@2x.png\"\n        },\n        {\n            \"name\": \"\u6bcd\u5a74\u54c1\",\n            \"image_src\": \"https:\/\/api-ugo-web.itheima.net\/pyg\/icon_index_nav_1@2x.png\"\n        }\n    ],\n    \"meta\": {\n        \"msg\": \"\u83b7\u53d6\u6210\u529f\",\n        \"status\": 200\n    }\n}\n```\n\n **\u8fd4\u56de\u53c2\u6570\u8bf4\u660e** \n\n|\u53c2\u6570\u540d|\u7c7b\u578b|\u8bf4\u660e|\n|:-----  |:-----|-----                           |\n|name |string   |\u6807\u9898\u540d\u79f0  |\n|image_src |string |\u56fe\u7247\u8def\u5f84 |\n\n **\u5907\u6ce8** \n\n- \u66f4\u591a\u8fd4\u56de\u9519\u8bef\u4ee3\u7801\u8bf7\u770b\u9996\u9875\u7684\u9519\u8bef\u4ee3\u7801\u63cf\u8ff0\n\n\n","s_number":"99","page_comments":""},{"page_title":"\u697c\u5c42","cat_id":"1476809","page_content":"**\u7b80\u8981\u63cf\u8ff0\uff1a** \n\n- \u697c\u5c42\n\n**\u8bf7\u6c42URL\uff1a** \n- ` https:\/\/api-ugo-web.itheima.net\/api\/public\/v1\/home\/floordata `\n\n**\u8bf7\u6c42\u65b9\u5f0f\uff1a**\n- GET\n\n**\u53c2\u6570\uff1a** \u65e0\n\n **\u8fd4\u56de\u793a\u4f8b**\n\n``` \n{\n    \"message\": [\n        {\n            \"floor_title\": {\n                \"name\": \"\u65f6\u5c1a\u5973\u88c5\",\n                \"image_src\": \"https:\/\/api-ugo-web.itheima.net\/pyg\/pic_floor01_title.png\"\n            },\n            \"product_list\": [\n                {\n                    \"name\": \"\u4f18\u8d28\u670d\u9970\",\n                    \"image_src\": \"https:\/\/api-ugo-web.itheima.net\/pyg\/pic_floor01_1@2x.png\",\n                    \"image_width\": \"232\",\n                    \"open_type\": \"navigate\",\n                    \"navigator_url\": \"\/pages\/goods_list\/index?query=\u670d\u9970\"\n                },\n                {\n                    \"name\": \"\u6625\u5b63\u70ed\u95e8\",\n                    \"image_src\": \"https:\/\/api-ugo-web.itheima.net\/pyg\/pic_floor01_2@2x.png\",\n                    \"image_width\": \"233\",\n                    \"open_type\": \"navigate\",\n                    \"navigator_url\": \"\/pages\/goods_list\/index?query=\u70ed\"\n                },\n                {\n                    \"name\": \"\u7206\u6b3e\u6e05\u4ed3\",\n                    \"image_src\": \"https:\/\/api-ugo-web.itheima.net\/pyg\/pic_floor01_3@2x.png\",\n                    \"image_width\": \"233\",\n                    \"open_type\": \"navigate\",\n                    \"navigator_url\": \"\/pages\/goods_list\/index?query=\u7206\u6b3e\"\n                },\n                {\n                    \"name\": \"\u5012\u6625\u5bd2\",\n                    \"image_src\": \"https:\/\/api-ugo-web.itheima.net\/pyg\/pic_floor01_4@2x.png\",\n                    \"image_width\": \"233\",\n                    \"open_type\": \"navigate\",\n                    \"navigator_url\": \"\/pages\/goods_list\/index?query=\u6625\u5b63\"\n                },\n                {\n                    \"name\": \"\u6026\u7136\u5fc3\u52a8\",\n                    \"image_src\": \"https:\/\/api-ugo-web.itheima.net\/pyg\/pic_floor01_5@2x.png\",\n                    \"image_width\": \"233\",\n                    \"open_type\": \"navigate\",\n                    \"navigator_url\": \"\/pages\/goods_list\/index?query=\u5fc3\u52a8\"\n                }\n            ]\n        },\n        {\n            \"floor_title\": {\n                \"name\": \"\u6237\u5916\u6d3b\u52a8\",\n                \"image_src\": \"https:\/\/api-ugo-web.itheima.net\/pyg\/pic_floor02_title.png\"\n            },\n            \"product_list\": [\n                {\n                    \"name\": \"\u52c7\u5f80\u76f4\u524d\",\n                    \"image_src\": \"https:\/\/api-ugo-web.itheima.net\/pyg\/pic_floor02_1@2x.png\",\n                    \"image_width\": \"232\",\n                    \"open_type\": \"navigate\",\n                    \"navigator_url\": \"\/pages\/goods_list\/index?query=\u6237\u5916\"\n                },\n                {\n                    \"name\": \"\u6237\u5916\u767b\u5c71\u5305\",\n                    \"image_src\": \"https:\/\/api-ugo-web.itheima.net\/pyg\/pic_floor02_2@2x.png\",\n                    \"image_width\": \"273\",\n                    \"open_type\": \"navigate\",\n                    \"navigator_url\": \"\/pages\/goods_list\/index?query=\u767b\u5c71\u5305\"\n                },\n                {\n                    \"name\": \"\u8d85\u5f3a\u624b\u5957\",\n                    \"image_src\": \"https:\/\/api-ugo-web.itheima.net\/pyg\/pic_floor02_3@2x.png\",\n                    \"image_width\": \"193\",\n                    \"open_type\": \"navigate\",\n                    \"navigator_url\": \"\/pages\/goods_list\/index?query=\u624b\u5957\"\n                },\n                {\n                    \"name\": \"\u6237\u5916\u8fd0\u52a8\u978b\",\n                    \"image_src\": \"https:\/\/api-ugo-web.itheima.net\/pyg\/pic_floor02_4@2x.png\",\n                    \"image_width\": \"193\",\n                    \"open_type\": \"navigate\",\n                    \"navigator_url\": \"\/pages\/goods_list\/index?query=\u8fd0\u52a8\u978b\"\n                },\n                {\n                    \"name\": \"\u51b2\u950b\u8863\u7cfb\u5217\",\n                    \"image_src\": \"https:\/\/api-ugo-web.itheima.net\/pyg\/pic_floor02_5@2x.png\",\n                    \"image_width\": \"273\",\n                    \"open_type\": \"navigate\",\n                    \"navigator_url\": \"\/pages\/goods_list\/index?query=\u51b2\u950b\u8863\"\n                }\n            ]\n        },\n        {\n            \"floor_title\": {\n                \"name\": \"\u7bb1\u5305\u914d\u9970\",\n                \"image_src\": \"https:\/\/api-ugo-web.itheima.net\/pyg\/pic_floor03_title.png\"\n            },\n            \"product_list\": [\n                {\n                    \"name\": \"\u6e05\u65b0\u6c14\u8d28\",\n                    \"image_src\": \"https:\/\/api-ugo-web.itheima.net\/pyg\/pic_floor03_1@2x.png\",\n                    \"image_width\": \"232\",\n                    \"open_type\": \"navigate\",\n                    \"navigator_url\": \"\/pages\/goods_list?query=\u9970\u54c1\"\n                },\n                {\n                    \"name\": \"\u590d\u53e4\u80f8\u9488\",\n                    \"image_src\": \"https:\/\/api-ugo-web.itheima.net\/pyg\/pic_floor03_2@2x.png\",\n                    \"image_width\": \"263\",\n                    \"open_type\": \"navigate\",\n                    \"navigator_url\": \"\/pages\/goods_list?query=\u80f8\u9488\"\n                },\n                {\n                    \"name\": \"\u97e9\u7248\u624b\u94fe\",\n                    \"image_src\": \"https:\/\/api-ugo-web.itheima.net\/pyg\/pic_floor03_3@2x.png\",\n                    \"image_width\": \"203\",\n                    \"open_type\": \"navigate\",\n                    \"navigator_url\": \"\/pages\/goods_list?query=\u624b\u94fe\"\n                },\n                {\n                    \"name\": \"\u6c34\u6676\u9879\u94fe\",\n                    \"image_src\": \"https:\/\/api-ugo-web.itheima.net\/pyg\/pic_floor03_4@2x.png\",\n                    \"image_width\": \"193\",\n                    \"open_type\": \"navigate\",\n                    \"navigator_url\": \"\/pages\/goods_list?query=\u6c34\u6676\u9879\u94fe\"\n                },\n                {\n                    \"name\": \"\u60c5\u4fa3\u8868\",\n                    \"image_src\": \"https:\/\/api-ugo-web.itheima.net\/pyg\/pic_floor03_5@2x.png\",\n                    \"image_width\": \"273\",\n                    \"open_type\": \"navigate\",\n                    \"navigator_url\": \"\/pages\/goods_list?query=\u60c5\u4fa3\u8868\"\n                }\n            ]\n        }\n    ],\n    \"meta\": {\n        \"msg\": \"\u83b7\u53d6\u6210\u529f\",\n        \"status\": 200\n    }\n}\n```\n\n **\u8fd4\u56de\u53c2\u6570\u8bf4\u660e** \n\n|\u53c2\u6570\u540d|\u7c7b\u578b|\u8bf4\u660e|\n|:-----  |:-----|-----                           |\n|floor_title |string   |\u4e00\u7ea7\u5206\u7c7b\u6807\u9898  |\n|product_list |array |\u4e00\u7ea7\u5206\u7c7b\u5185\u5bb9 |\n|name |string |\u540d\u79f0 |\n|image_src |string |\u56fe\u7247\u8def\u5f84 |\n|image_width |string |\u56fe\u7247\u5bbd\u5ea6 |\n|open_type |string |\u6253\u5f00\u65b9\u5f0f |\n|navigator_url |string |\u8df3\u8f6c\u8fde\u63a5 |\n\n **\u5907\u6ce8** \n\n- \u66f4\u591a\u8fd4\u56de\u9519\u8bef\u4ee3\u7801\u8bf7\u770b\u9996\u9875\u7684\u9519\u8bef\u4ee3\u7801\u63cf\u8ff0\n\n\n","s_number":"99","page_comments":""}],"catalogs":[]},{"cat_id":"1476838","cat_name":"\u5206\u7c7b","parent_cat_id":"0","level":"2","s_number":"2","pages":[{"page_title":"\u5546\u54c1\u5206\u7c7b","cat_id":"1476838","page_content":"\n\u200b    \n**\u7b80\u8981\u63cf\u8ff0\uff1a** \n\n- \u5546\u54c1\u5206\u7c7b\n\n**\u8bf7\u6c42URL\uff1a** \n- ` https:\/\/api-ugo-web.itheima.net\/api\/public\/v1\/categories `\n\n**\u8bf7\u6c42\u65b9\u5f0f\uff1a**\n\n- GET\n\n**\u53c2\u6570\uff1a** \u65e0\n\n **\u8fd4\u56de\u793a\u4f8b**\n\n``` json\n{\n  \"message\": [\n    {\n      \"cat_id\": 1,\n      \"cat_name\": \"\u5927\u5bb6\u7535\",\n      \"cat_pid\": 0,\n      \"cat_level\": 0,\n      \"cat_deleted\": false,\n      \"cat_icon\": \"\",\n      \"children\": [\n        {\n          \"cat_id\": 3,\n          \"cat_name\": \"\u7535\u89c6\",\n          \"cat_pid\": 1,\n          \"cat_level\": 1,\n          \"cat_deleted\": false,\n          \"cat_icon\": \"\",\n          \"children\": [\n            {\n              \"cat_id\": 5,\n              \"cat_name\": \"\u66f2\u9762\u7535\u89c6\",\n              \"cat_pid\": 3,\n              \"cat_level\": 2,\n              \"cat_deleted\": false,\n              \"cat_icon\": \"https:\/\/api-ugo-web.itheima.net\/full\/2fb113b32f7a2b161f5ee4096c319afedc3fd5a1.jpg\"\n            }\n          ]\n        }\n      ]\n    }\n  ],\n  \"meta\": {\n    \"msg\": \"\u83b7\u53d6\u6210\u529f\",\n    \"status\": 200\n  }\n}\n```\n\n **\u8fd4\u56de\u53c2\u6570\u8bf4\u660e** \n\n|\u53c2\u6570\u540d|\u7c7b\u578b||\n|:-----  |:-----|-----                           |\n|cat_id |int   |\u5206\u7c7bid|\n|cat_name |string |\u5206\u7c7b\u540d\u79f0|\n|children |array |\u5b50\u8282\u70b9|\n|cat_icon |string |\u56fe\u6807|\n\n **\u5907\u6ce8** \n\n- \u66f4\u591a\u8fd4\u56de\u9519\u8bef\u4ee3\u7801\u8bf7\u770b\u9996\u9875\u7684\u9519\u8bef\u4ee3\u7801\u63cf\u8ff0\n\n\n","s_number":"99","page_comments":""}],"catalogs":[]},{"cat_id":"1476839","cat_name":"\u5546\u54c1","parent_cat_id":"0","level":"2","s_number":"3","pages":[{"page_title":"\u5546\u54c1\u5217\u8868\u641c\u7d22","cat_id":"1476839","page_content":"\n**\u7b80\u8981\u63cf\u8ff0\uff1a** \n\n- \u5546\u54c1\u5217\u8868\u641c\u7d22\n\n**\u8bf7\u6c42URL\uff1a** \n- ` https:\/\/api-ugo-web.itheima.net\/api\/public\/v1\/goods\/search `\n\n**\u8bf7\u6c42\u65b9\u5f0f\uff1a**\n- GET\n\n**\u53c2\u6570\uff1a** \n\n|\u53c2\u6570\u540d|\u5fc5\u9009|\u7c7b\u578b|\u8bf4\u660e|\n|:----    |:---|:----- |-----   |\n|query |\u5426  |string |\u5173\u952e\u5b57   |\n|cid |\u5426  |string | \u5206\u7c7bid |\n|pagenum     |\u5426  |number | \u9875\u7801 |\n|pagesize |\u5426 |number | \u9875\u5bb9\u91cf |\n\n **\u8fd4\u56de\u793a\u4f8b**\n\n``` json\n{\n    \"message\": {\n        \"total\": 10,\n        \"pagenum\": 1,\n        \"goods\": [\n            {\n                \"goods_id\": 57445,\n                \"cat_id\": 9,\n                \"goods_name\": \"\u521b\u7ef4\uff08Skyworth\uff0965V9E 65\u82f1\u5bf825\u68384K HDR\u9ad8\u6e05\u667a\u80fd\u7535\u89c6\",\n                \"goods_price\": 6499,\n                \"goods_number\": 100,\n                \"goods_weight\": 100,\n                \"goods_big_logo\": \"\",\n                \"goods_small_logo\": \"\",\n                \"add_time\": 1516663280,\n                \"upd_time\": 1516663280,\n                \"hot_mumber\": 0,\n                \"is_promote\": false,\n                \"cat_one_id\": 1,\n                \"cat_two_id\": 3,\n                \"cat_three_id\": 9\n            }\n        ]\n    },\n    \"meta\": {\n        \"msg\": \"\u83b7\u53d6\u6210\u529f\",\n        \"status\": 200\n    }\n}\n```\n\n **\u8fd4\u56de\u53c2\u6570\u8bf4\u660e** \n\n|                  |              |      |\n| ---------------- | ------------ | ---- |\n| \u53c2\u6570\u540d           | \u53c2\u6570\u8bf4\u660e     | \u5907\u6ce8 |\n| total            | \u603b\u6761\u6570     |      |\n| pagenum          | \u5f53\u524d\u9875\u6570     |      |\n| goods_id         | \u5546\u54c1ID       |      |\n| cat_id           | \u5206\u7c7bID       |      |\n| goods_name       | \u5546\u54c1\u540d\u79f0     |      |\n| goods_price      | \u5546\u54c1\u4ef7\u683c     |      |\n| goods_number     | \u5546\u54c1\u6570\u91cf     |      |\n| goods_weight     | \u5546\u54c1\u91cd\u91cf     |      |\n| goods_big_logo   | \u5546\u54c1\u5927\u56fe\u6807   |      |\n| goods_small_logo | \u5546\u54c1\u5c0f\u56fe\u6807   |      |\n| add_time         | \u5546\u54c1\u6dfb\u52a0\u65f6\u95f4 |      |\n| upd_time         | \u5546\u54c1\u66f4\u65b0\u65f6\u95f4 |      |\n| hot_mumber       | \u70ed\u95e8\u5546\u54c1\u6570   |      |\n| cat_one_id       | \u6240\u5c5e\u4e00\u7ea7\u5206\u7c7b |      |\n| cat_two_id       | \u6240\u5c5e\u4e8c\u7ea7\u5206\u7c7b |      |\n| cat_three_id     | \u6240\u5c5e\u4e09\u7ea7\u5206\u7c7b |      |\n\n **\u5907\u6ce8** \n\n- \u66f4\u591a\u8fd4\u56de\u9519\u8bef\u4ee3\u7801\u8bf7\u770b\u9996\u9875\u7684\u9519\u8bef\u4ee3\u7801\u63cf\u8ff0\n\n\n","s_number":"99","page_comments":""},{"page_title":"\u5546\u54c1\u8be6\u60c5","cat_id":"1476839","page_content":"\n\u200b    \n**\u7b80\u8981\u63cf\u8ff0\uff1a** \n\n- \u5546\u54c1\u8be6\u60c5\n\n**\u8bf7\u6c42URL\uff1a** \n- ` https:\/\/api-ugo-web.itheima.net\/api\/public\/v1\/goods\/detail `\n\n**\u8bf7\u6c42\u65b9\u5f0f\uff1a**\n- GET\n\n**\u53c2\u6570\uff1a** \n\n|\u53c2\u6570\u540d|\u5fc5\u9009|\u7c7b\u578b|\u8bf4\u660e|\n|:----    |:---|:----- |-----   |\n|goods_id |\u662f  |number |\u5546\u54c1id   |\n\n **\u8fd4\u56de\u793a\u4f8b**\n\n``` \n{\n    \"message\": {\n        \"goods_id\": 8888,\n        \"cat_id\": 1085,\n        \"goods_name\": \"spike \u7ecf\u5178\u6b66\u58eb\u5927\u9a6c\u58eb\u9769\u76f4\u5200(\u5fae\u578b) \u6237\u5916\u91ce\u8425\u76f4\u5200 \u6536\u85cf\u793c\u54c1\u5200 \u9970\u54c1\u5200\u5177\",\n        \"goods_price\": 500,\n        \"goods_number\": 100,\n        \"goods_weight\": 100,\n        \"goods_introduce\": \"\u5bcc\u6587\u672c\u5185\u5bb9\",\n        \"goods_state\": 2,\n        \"is_del\": \"0\",\n        \"add_time\": 1516361489,\n        \"upd_time\": 1516361489,\n        \"delete_time\": null,\n        \"hot_mumber\": 0,\n        \"is_promote\": false,\n        \"cat_one_id\": 995,\n        \"cat_two_id\": 1075,\n        \"cat_three_id\": 1085,\n        \"goods_cat\": \"995,1075,1085\",\n        \"pics\": [\n            {\n                \"pics_id\": 38711,\n                \"goods_id\": 8888,\n                \"pics_big\": \"http:\/\/image1.suning.cn\/uimg\/b2c\/newcatentries\/0070134290-000000000149003877_1_800x800.jpg\",\n                \"pics_mid\": \"http:\/\/image1.suning.cn\/uimg\/b2c\/newcatentries\/0070134290-000000000149003877_1_400x400.jpg\",\n                \"pics_sma\": \"http:\/\/image1.suning.cn\/uimg\/b2c\/newcatentries\/0070134290-000000000149003877_1_200x200.jpg\",\n                \"pics_big_url\": \"http:\/\/image1.suning.cn\/uimg\/b2c\/newcatentries\/0070134290-000000000149003877_1_800x800.jpg\",\n                \"pics_mid_url\": \"http:\/\/image1.suning.cn\/uimg\/b2c\/newcatentries\/0070134290-000000000149003877_1_400x400.jpg\",\n                \"pics_sma_url\": \"http:\/\/image1.suning.cn\/uimg\/b2c\/newcatentries\/0070134290-000000000149003877_1_200x200.jpg\"\n            }\n        ],\n        \"attrs\": [\n            {\n                \"goods_id\": 8888,\n                \"attr_id\": 9210,\n                \"attr_value\": \"\u6237\u5916\u76f4\u5200\",\n                \"add_price\": 0,\n                \"attr_name\": \"\u4e3b\u4f53\u53c2\u6570-\u7c7b\u522b\",\n                \"attr_sel\": \"only\",\n                \"attr_write\": \"manual\",\n                \"attr_vals\": \"\u653e\u5927\u955c\"\n            }\n        ]\n    },\n    \"meta\": {\n        \"msg\": \"\u83b7\u53d6\u6210\u529f\",\n        \"status\": 200\n    }\n}\n```\n\n **\u8fd4\u56de\u53c2\u6570\u8bf4\u660e** \n\n|                  |              |      |\n| ---------------- | ------------ | ---- |\n| \u53c2\u6570\u540d           | \u53c2\u6570\u8bf4\u660e     | \u5907\u6ce8 |\n| goods_id         | \u5546\u54c1ID       |      |\n| cat_id           | \u5206\u7c7bID       |      |\n| goods_name       | \u5546\u54c1\u540d\u79f0     |      |\n| goods_price      | \u5546\u54c1\u4ef7\u683c     |      |\n| goods_number     | \u5546\u54c1\u6570\u91cf     |      |\n| goods_weight     | \u5546\u54c1\u91cd\u91cf     |      |\n| goods_big_logo   | \u5546\u54c1\u5927\u56fe\u6807   |      |\n| goods_small_logo | \u5546\u54c1\u5c0f\u56fe\u6807   |      |\n| add_time         | \u5546\u54c1\u6dfb\u52a0\u65f6\u95f4 |      |\n| upd_time         | \u5546\u54c1\u66f4\u65b0\u65f6\u95f4 |      |\n| hot_mumber       | \u70ed\u95e8\u5546\u54c1\u6570   |      |\n| cat_one_id       | \u6240\u5c5e\u4e00\u7ea7\u5206\u7c7b |      |\n| cat_two_id       | \u6240\u5c5e\u4e8c\u7ea7\u5206\u7c7b |      |\n| cat_three_id     | \u6240\u5c5e\u4e09\u7ea7\u5206\u7c7b |      |\n| goods_introduce  | \u5546\u54c1\u4ecb\u7ecd     |      |\n| pics             | \u5546\u54c1\u56fe\u7247\u5217\u8868 |      |\n| attrs            | \u5546\u54c1\u5c5e\u6027\u5217\u8868 |      |\n\n **\u5907\u6ce8** \n\n- \u66f4\u591a\u8fd4\u56de\u9519\u8bef\u4ee3\u7801\u8bf7\u770b\u9996\u9875\u7684\u9519\u8bef\u4ee3\u7801\u63cf\u8ff0\n\n\n","s_number":"99","page_comments":""},{"page_title":"\u5546\u54c1\u641c\u7d22","cat_id":"1476839","page_content":"\n\u200b    \n**\u7b80\u8981\u63cf\u8ff0\uff1a** \n\n- \u641c\u7d22\u5efa\u8bae\u67e5\u8be2\n\n**\u8bf7\u6c42URL\uff1a** \n- ` https:\/\/api-ugo-web.itheima.net\/api\/public\/v1\/goods\/qsearch `\n\n**\u8bf7\u6c42\u65b9\u5f0f\uff1a**\n- GET\n\n**\u53c2\u6570\uff1a** \n\n|\u53c2\u6570\u540d|\u5fc5\u9009|\u7c7b\u578b|\u8bf4\u660e|\n|:----    |:---|:----- |-----   |\n|query |\u662f  |string |\u5173\u952e\u5b57   |\n\n **\u8fd4\u56de\u793a\u4f8b**\n\n``` \n{\n    \"message\": [\n        {\n            \"goods_id\": 57444,\n            \"goods_name\": \"\u521b\u7ef4\uff08Skyworth\uff0942X6 42\u82f1\u5bf810\u6838\u667a\u80fd\u9177\u5f00\u7f51\u7edc\u5e73\u677f\u6db2\u6676\u7535\u89c6\uff08\u9ed1\u8272\uff09\"\n        }\n    ],\n    \"meta\": {\n        \"msg\": \"\u83b7\u53d6\u6210\u529f\",\n        \"status\": 200\n    }\n}\n```\n\n **\u8fd4\u56de\u53c2\u6570\u8bf4\u660e** \n\n|\u53c2\u6570\u540d|\u7c7b\u578b|\u8bf4\u660e|\n|:-----  |:-----|-----                           |\n|goods_id |number   |\u5546\u54c1id  |\n|goods_name |string |\u5546\u54c1\u540d\u79f0 |\n\n **\u5907\u6ce8** \n\n- \u66f4\u591a\u8fd4\u56de\u9519\u8bef\u4ee3\u7801\u8bf7\u770b\u9996\u9875\u7684\u9519\u8bef\u4ee3\u7801\u63cf\u8ff0\n\n\n","s_number":"99","page_comments":""}],"catalogs":[]},{"cat_id":"1476840","cat_name":"\u7528\u6237","parent_cat_id":"0","level":"2","s_number":"4","pages":[{"page_title":"\u83b7\u53d6\u7528\u6237token","cat_id":"1476840","page_content":"\n\u200b    \n**\u7b80\u8981\u63cf\u8ff0\uff1a** \n\n- \u83b7\u53d6\u7528\u6237token\n\n**\u8bf7\u6c42URL\uff1a** \n- `https:\/\/api-ugo-web.itheima.net\/api\/public\/v1\/users\/wxlogin`\n\n**\u8bf7\u6c42\u65b9\u5f0f\uff1a**\n\n- POST \n\n**\u53c2\u6570\uff1a** \n\n\u4ee5\u4e0b\u5b57\u6bb5\u4e3b\u8981\u7528\u4f5c\u540e\u53f0\u670d\u52a1\u5668\u751f\u6210\u7528\u6237token\u6240\u6709\uff0c\u65e0\u7279\u6b8a\u7528\u610f\n\n| \u53c2\u6570\u540d        | \u5fc5\u9009 | \u7c7b\u578b | \u53c2\u6570\u8bf4\u660e                       |\n| ------------- | ---- | ---- | ------------------------------ |\n| encryptedData | \u662f   |  string    | \u6267\u884c\u5c0f\u7a0b\u5e8f \u83b7\u53d6\u7528\u6237\u4fe1\u606f\u540e \u5f97\u5230 |\n| rawData       | \u662f   |  string    | \u6267\u884c\u5c0f\u7a0b\u5e8f \u83b7\u53d6\u7528\u6237\u4fe1\u606f\u540e \u5f97\u5230 |\n| iv            | \u662f   |  string    | \u6267\u884c\u5c0f\u7a0b\u5e8f \u83b7\u53d6\u7528\u6237\u4fe1\u606f\u540e \u5f97\u5230 |\n| signature     | \u662f   |  string    | \u6267\u884c\u5c0f\u7a0b\u5e8f \u83b7\u53d6\u7528\u6237\u4fe1\u606f\u540e \u5f97\u5230 |\n| code          | \u662f   |  string    | \u6267\u884c\u5c0f\u7a0b\u5e8f\u767b\u5f55\u540e\u83b7\u53d6           |\n\n **\u8fd4\u56de\u793a\u4f8b**\n\n``` json\n{\n  \"message\": {\n    \"user_id\": 23,\n    \"user_email_code\": null,\n    \"is_active\": null,\n    \"user_sex\": \"\u7537\",\n    \"user_qq\": \"\",\n    \"user_tel\": \"\",\n    \"user_xueli\": \"\u672c\u79d1\",\n    \"user_hobby\": \"\",\n    \"user_introduce\": null,\n    \"create_time\": 1562221487,\n    \"update_time\": 1562221487,\n    \"token\": \"Bearer eyJhbGciOiJIUzI1NiIsInR5cCI6IkpXVCJ9.eyJ1aWQiOjIzLCJpYXQiOjE1NjQ3MzAwNzksImV4cCI6MTAwMTU2NDczMDA3OH0.YPt-XeLnjV-_1ITaXGY2FhxmCe4NvXuRnRB8OMCfnPo\"\n  },\n  \"meta\": {\n    \"msg\": \"\u767b\u5f55\u6210\u529f\",\n    \"status\": 200\n  }\n}\n```\n\n **\u8fd4\u56de\u53c2\u6570\u8bf4\u660e** \n\n|\u53c2\u6570\u540d|\u7c7b\u578b|\u8bf4\u660e|\n|:-----  |:-----|-----                           |\n|token |string   |\u7528\u6237\u7684\u552f\u4e00\u51ed\u636e\uff0c\u540e\u671f\u7528\u5728\u5176\u4ed6\u654f\u611f\u63a5\u53e3\u7684\u9a8c\u8bc1  |\n\n\n\n\n","s_number":"99","page_comments":""}],"catalogs":[]},{"cat_id":"1476841","cat_name":"\u652f\u4ed8","parent_cat_id":"0","level":"2","s_number":"5","pages":[{"page_title":"\u83b7\u53d6\u652f\u4ed8\u53c2\u6570","cat_id":"1476841","page_content":"\n\u200b    \n**\u7b80\u8981\u63cf\u8ff0\uff1a** \n\n- \u83b7\u53d6\u652f\u4ed8\u53c2\u6570\n\n**\u8bf7\u6c42URL\uff1a** \n- ` https:\/\/api-ugo-web.itheima.net\/api\/public\/v1\/my\/orders\/req_unifiedorder `\n\n**\u8bf7\u6c42\u65b9\u5f0f\uff1a**\n\n- POST \n\n**\u8bf7\u6c42\u5934\u53c2\u6570\uff1a** \n\n| \u53c2\u6570\u540d        | \u5fc5\u9009 | \u7c7b\u578b   | \u8bf4\u660e                      |\n| ------------- | ---- | ------ | ------------------------- |\n| Authorization | \u662f   | string | \u7528\u6237\u767b\u5f55\u6210\u529f\u83b7\u53d6\u7684token\u503c |\n\n**\u8bf7\u6c42\u4f53\u53c2\u6570\uff1a**\n\n| \u53c2\u6570\u540d       | \u5fc5\u9009 | \u7c7b\u578b   | \u8bf4\u660e     |\n| ------------ | ---- | ------ | -------- |\n| order_number | \u662f   | string | \u8ba2\u5355\u7f16\u53f7 |\n\n **\u8fd4\u56de\u793a\u4f8b**\n\n``` json\n{\n  \"message\": {\n    \"pay\": {\n      \"timeStamp\": \"1564730510\",\n      \"nonceStr\": \"SReWbt3nEmpJo3tr\",\n      \"package\": \"prepay_id=wx02152148991420a3b39a90811023326800\",\n      \"signType\": \"MD5\",\n      \"paySign\": \"3A6943C3B865FA2B2C825CDCB33C5304\"\n    },\n    \"order_number\": \"HMDD20190802000000000422\"\n  },\n  \"meta\": {\n    \"msg\": \"\u9884\u4ed8\u8ba2\u5355\u751f\u6210\u6210\u529f\",\n    \"status\": 200\n  }\n}\n```\n\n **\u8fd4\u56de\u53c2\u6570\u8bf4\u660e** \n\n|\u53c2\u6570\u540d|\u7c7b\u578b|\u8bf4\u660e|\n|:-----  |:-----|-----                           |\n|pay |object   |\u8be5\u5bf9\u8c61\u5185\u7684\u53c2\u6570\uff0c\u4e3a\u8c03\u7528\u5fae\u4fe1\u652f\u4ed8\u6240\u5fc5\u987b  |\n\n\n","s_number":"99","page_comments":""}],"catalogs":[]},{"cat_id":"1476842","cat_name":"\u8ba2\u5355","parent_cat_id":"0","level":"2","s_number":"6","pages":[{"page_title":"\u521b\u5efa\u8ba2\u5355","cat_id":"1476842","page_content":"\n   **\u7b80\u8981\u63cf\u8ff0\uff1a** \n\n- \u521b\u5efa\u8ba2\u5355\n\n**\u8bf7\u6c42URL\uff1a** \n- ` https:\/\/api-ugo-web.itheima.net\/api\/public\/v1\/my\/orders\/create `\n\n**\u8bf7\u6c42\u65b9\u5f0f\uff1a**\n- POST \n\n**\u8bf7\u6c42\u5934\u53c2\u6570\uff1a** \n\n| \u53c2\u6570\u540d        | \u5fc5\u9009 | \u7c7b\u578b   | \u8bf4\u660e                      |\n| ------------- | ---- | ------ | ------------------------- |\n| Authorization | \u662f   | string | \u7528\u6237\u767b\u5f55\u6210\u529f\u83b7\u53d6\u7684token\u503c |\n\n**\u8bf7\u6c42\u4f53\u53c2\u6570**\uff1a\n\n|\u53c2\u6570\u540d|\u5fc5\u9009|\u7c7b\u578b|\u8bf4\u660e|\n|:----    |:---|:----- |-----   |\n|order_price |\u662f  |string |\u8ba2\u5355\u603b\u4ef7\u683c   |\n|consignee_addr |\u662f  |string | \u6536\u8d27\u5730\u5740  |\n|goods     |\u662f  |Array | \u8ba2\u5355\u6570\u7ec4  |\n\n**goods\u5b57\u6bb5\u8bf4\u660e**\n\n| \u53c2\u6570\u540d       | \u5fc5\u9009 | \u7c7b\u578b   | \u8bf4\u660e       |\n| ------------ | ---- | ------ | ---------- |\n| goods_id     | \u662f   | number | \u5546\u54c1id     |\n| goods_number | \u662f   | number | \u8d2d\u4e70\u7684\u6570\u91cf |\n| goods_price  | \u662f   | number | \u5355\u4ef7       |\n\n **\u8fd4\u56de\u793a\u4f8b**\n\n``` \n  {\n    \"error_code\": 0,\n    \"data\": {\n      \"uid\": \"1\",\n      \"username\": \"12154545\",\n      \"name\": \"\u5434\u7cfb\u6302\",\n      \"groupid\": 2 ,\n      \"reg_time\": \"1436864169\",\n      \"last_login_time\": \"0\",\n    }\n  }\n```\n\n **\u8fd4\u56de\u53c2\u6570\u8bf4\u660e** \n\n| \u53c2\u6570\u540d         | \u7c7b\u578b   | \u53c2\u6570\u8bf4\u660e     |\n| -------------- | ------ | ------------ |\n| order_id       | string | \u8ba2\u5355\u552f\u4e00ID   |\n| user_id        | string | \u7528\u6237ID       |\n| order_number   | string | \u8ba2\u5355\u7f16\u53f7     |\n| order_price    | number | \u8ba2\u5355\u4ef7\u683c     |\n| order_pay      | number | \u8ba2\u5355\u652f\u4ed8\u65b9\u5f0f |\n| consignee_addr | string | \u8ba2\u5355\u5730\u5740     |\n| pay_status     | number | \u8ba2\u5355\u652f\u4ed8\u72b6\u6001 |\n\n\n\n\n","s_number":"99","page_comments":""},{"page_title":"\u67e5\u770b\u8ba2\u5355\u652f\u4ed8\u72b6\u6001","cat_id":"1476842","page_content":"\n\u200b    \n**\u7b80\u8981\u63cf\u8ff0\uff1a** \n\n- \u67e5\u770b\u8ba2\u5355\u652f\u4ed8\u72b6\u6001\n\n**\u8bf7\u6c42URL\uff1a** \n- ` https:\/\/api-ugo-web.itheima.net\/api\/public\/v1\/my\/orders\/chkOrder `\n\n**\u8bf7\u6c42\u65b9\u5f0f\uff1a**\n\n- POST\n\n**\u8bf7\u6c42\u5934\u53c2\u6570\uff1a** \n\n| \u53c2\u6570\u540d        | \u5fc5\u9009 | \u7c7b\u578b   | \u8bf4\u660e                      |\n| ------------- | ---- | ------ | ------------------------- |\n| Authorization | \u662f   | string | \u7528\u6237\u767b\u5f55\u6210\u529f\u83b7\u53d6\u7684token\u503c |\n\n**\u8bf7\u6c42\u4f53\u53c2\u6570**\uff1a\n\n| \u53c2\u6570\u540d       | \u5fc5\u9009 | \u7c7b\u578b   | \u8bf4\u660e     |\n| ------------ | ---- | ------ | -------- |\n| order_number | \u662f   | string | \u8ba2\u5355\u7f16\u53f7 |\n\n **\u8fd4\u56de\u793a\u4f8b**\n\n``` json\n{\n  \"message\": \"\u652f\u4ed8\u6210\u529f\",\n  \"meta\": {\n    \"msg\": \"\u9a8c\u8bc1\u6210\u529f\",\n    \"status\": 200\n  }\n}\n```\n\n\n","s_number":"99","page_comments":""},{"page_title":"\u5386\u53f2\u8ba2\u5355\u67e5\u8be2","cat_id":"1476842","page_content":"\n\u200b    \n**\u7b80\u8981\u63cf\u8ff0\uff1a** \n\n- \u5386\u53f2\u8ba2\u5355\u67e5\u8be2\n\n**\u8bf7\u6c42URL\uff1a** \n- ` https:\/\/api-ugo-web.itheima.net\/api\/public\/v1\/my\/orders\/all `\n\n**\u8bf7\u6c42\u65b9\u5f0f\uff1a**\n- GET\n\n**\u8bf7\u6c42\u5934\u53c2\u6570\uff1a**\n\n| \u53c2\u6570\u540d        | \u5fc5\u9009 | \u7c7b\u578b   | \u8bf4\u660e                      |\n| ------------- | ---- | ------ | ------------------------- |\n| Authorization | \u662f   | string | \u7528\u6237\u767b\u5f55\u6210\u529f\u83b7\u53d6\u7684token\u503c |\n\n**\u8bf7\u6c42\u4f53\u53c2\u6570**\uff1a\n\n| \u53c2\u6570\u540d | \u5fc5\u9009 | \u7c7b\u578b   | \u8bf4\u660e                         |\n| ------ | ---- | ------ | ---------------------------- |\n| type   | \u662f   | number | 1:\u5168\u90e8\u8ba2\u5355 2:\u5f85\u4ed8\u6b3e 3:\u5f85\u53d1\u8d27 |\n\n **\u8fd4\u56de\u793a\u4f8b**\n\n``` json\n{\n  \"message\": {\n    \"count\": 1,\n    \"orders\": [\n      {\n        \"order_id\": 428,\n        \"user_id\": 23,\n        \"order_number\": \"HMDD20190802000000000428\",\n        \"order_price\": 13999,\n        \"order_pay\": \"0\",\n        \"is_send\": \"\u5426\",\n        \"trade_no\": \"\",\n        \"order_fapiao_title\": \"\u4e2a\u4eba\",\n        \"order_fapiao_company\": \"\",\n        \"order_fapiao_content\": \"\",\n        \"consignee_addr\": \"\u5e7f\u4e1c\u7701\u5e7f\u5dde\u5e02\u6d77\u73e0\u533a\u65b0\u6e2f\u4e2d\u8def397\u53f7\",\n        \"pay_status\": \"1\",\n        \"create_time\": 1564731518,\n        \"update_time\": 1564731518,\n        \"order_detail\": null,\n        \"goods\": [\n          {\n            \"id\": 717,\n            \"order_id\": 428,\n            \"goods_id\": 43986,\n            \"goods_price\": 13999,\n            \"goods_number\": 1,\n            \"goods_total_price\": 13999,\n            \"goods_name\": \"\u6d77\u4fe1(Hisense)LED55MU9600X3DUC 55\u82f1\u5bf8 4K\u8d85\u9ad8\u6e05\u91cf\u5b50\u70b9\u7535\u89c6 ULED\u753b\u8d28 VIDAA\u7cfb\u7edf\",\n            \"goods_small_logo\": \"http:\/\/image5.suning.cn\/uimg\/b2c\/newcatentries\/0000000000-000000000160455569_1_400x400.jpg\"\n          }\n        ],\n        \"total_count\": 1,\n        \"total_price\": 13999\n      }\n    ]\n  },\n  \"meta\": {\n    \"msg\": \"\u83b7\u53d6\u8ba2\u5355\u5217\u8868\u6210\u529f\",\n    \"status\": 200\n  }\n}\n```\n\n\n","s_number":"99","page_comments":""}],"catalogs":[]}]}}